Workbook

Sheet Questions and Data
A1: Task 1 — Total Amount Column
A2: Task 2 — Delhi ki total sales
A3: Task 3 — Unique Cities List
A4: Task 4 — Top 3 Highest Orders
A5: Task 5 — Which Product Sold Most (Quantity)?
A6: Task 6 — Extract First Name Only
A7: Task 7 — Count Orders from Mumbai
A8: Task 8 — Sales on “2/3/2024”
A9: Task 9 — Find Product Price Using XLOOKUP
A10: Task 10 — Highlight Orders Where Quantity > 7
A14: DATA
A16: OrderID | B16: Customer Name | C16: Product | D16: Quantity | E16: Price | F16: City | G16: SalesDate
A17: 101 | B17: Ravi Sharma | C17: Chips | D17: 5 | E17: 20 | F17: Delhi | G17: 45293
A18: 102 | B18: Suman Das | C18: Biscuits | D18: 3 | E18: 30 | F18: Mumbai | G18: 45293
A19: 103 | B19: Amit Yadav | C19: Cold Drink | D19: 8 | E19: 45 | F19: Bangalore | G19: 45324
A20: 104 | B20: Riya Jain | C20: Bread | D20: 2 | E20: 25 | F20: Delhi | G20: 45324
A21: 105 | B21: Satish Kumar | C21: Chips | D21: 10 | E21: 20 | F21: Chennai | G21: 45353
A22: 106 | B22: Anita Devi | C22: Biscuits | D22: 7 | E22: 30 | F22: Mumbai | G22: 45353
A23: 107 | B23: Rohit Singh | C23: Cold Drink | D23: 3 | E23: 45 | F23: Chennai | G23: 45384
A24: 108 | B24: Neha Gupta | C24: Bread | D24: 6 | E24: 25 | F24: Delhi | G24: 45384

Sheet Task 1 Solution
G1: Task 1 — Total Amount Column
A3: 1st method
A6: Solution
C10: OrderID | D10: Customer Name | E10: Product | F10: Quantity | G10: Price | H10: City | I10: SalesDate | J10: Total Amount
C11: 101 | D11: Ravi Sharma | E11: Chips | F11: 5 | G11: 20 | H11: Delhi | I11: 45293 | J11: {=F11:F18*G11:G18} -> 100
C12: 102 | D12: Suman Das | E12: Biscuits | F12: 3 | G12: 30 | H12: Mumbai | I12: 45293 | J12: 90
C13: 103 | D13: Amit Yadav | E13: Cold Drink | F13: 8 | G13: 45 | H13: Bangalore | I13: 45324 | J13: 360
C14: 104 | D14: Riya Jain | E14: Bread | F14: 2 | G14: 25 | H14: Delhi | I14: 45324 | J14: 50
C15: 105 | D15: Satish Kumar | E15: Chips | F15: 10 | G15: 20 | H15: Chennai | I15: 45353 | J15: 200
C16: 106 | D16: Anita Devi | E16: Biscuits | F16: 7 | G16: 30 | H16: Mumbai | I16: 45353 | J16: 210
C17: 107 | D17: Rohit Singh | E17: Cold Drink | F17: 3 | G17: 45 | H17: Chennai | I17: 45384 | J17: 135
C18: 108 | D18: Neha Gupta | E18: Bread | F18: 6 | G18: 25 | H18: Delhi | I18: 45384 | J18: 150
J19: =SUM(_xlfn.ANCHORARRAY(J11)) -> 1295 | K19: Grand Total

Sheet Task 2 Solution
G2: Task 2 — Delhi ki total sales
A4: 1st method
A7: Solution
L10: Total Sales Of Delhi
L11: =SUMIF('Task 1 Solution'!H11:H18,'Task 1 Solution'!H11,_xlfn.ANCHORARRAY('Task 1 Solution'!J11)) -> 300

Sheet Task 3 Solution
F1: Task 3 — Unique Cities List
B3: 1st method
B6: Solution
M7: Unique cities
B9: OrderID | C9: Customer Name | D9: Product | E9: Quantity | F9: Price | G9: City | H9: SalesDate | M9: {=_xlfn.UNIQUE(G10:G17)} -> Delhi
B10: 101 | C10: Ravi Sharma | D10: Chips | E10: 5 | F10: 20 | G10: Delhi | H10: 45293 | M10: Mumbai
B11: 102 | C11: Suman Das | D11: Biscuits | E11: 3 | F11: 30 | G11: Mumbai | H11: 45293 | M11: Bangalore
B12: 103 | C12: Amit Yadav | D12: Cold Drink | E12: 8 | F12: 45 | G12: Bangalore | H12: 45324 | M12: Chennai
B13: 104 | C13: Riya Jain | D13: Bread | E13: 2 | F13: 25 | G13: Delhi | H13: 45324
B14: 105 | C14: Satish Kumar | D14: Chips | E14: 10 | F14: 20 | G14: Chennai | H14: 45353
B15: 106 | C15: Anita Devi | D15: Biscuits | E15: 7 | F15: 30 | G15: Mumbai | H15: 45353
B16: 107 | C16: Rohit Singh | D16: Cold Drink | E16: 3 | F16: 45 | G16: Chennai | H16: 45384
B17: 108 | C17: Neha Gupta | D17: Bread | E17: 6 | F17: 25 | G17: Delhi | H17: 45384

Sheet Task 4 Solution
F2: Task 4 — Top 3 Highest Orders
B4: 1st method
B7: Solution
A10: {=_xlfn.TAKE(_xlfn._xlws.SORT('Task 3 Solution'!B9:H17,4,-1),4)} -> OrderID | B10: Customer Name | C10: Product | D10: Quantity | E10: Price | F10: City | G10: SalesDate | J10: OrderID | K10: Customer Name | L10: Product | M10: Quantity | N10: Price | O10: City | P10: SalesDate
A11: 105 | B11: Satish Kumar | C11: Chips | D11: 10 | E11: 20 | F11: Chennai | G11: 45353 | J11: 101 | K11: Ravi Sharma | L11: Chips | M11: 5 | N11: 20 | O11: Delhi | P11: 45293
A12: 103 | B12: Amit Yadav | C12: Cold Drink | D12: 8 | E12: 45 | F12: Bangalore | G12: 45324 | J12: 102 | K12: Suman Das | L12: Biscuits | M12: 3 | N12: 30 | O12: Mumbai | P12: 45293
A13: 106 | B13: Anita Devi | C13: Biscuits | D13: 7 | E13: 30 | F13: Mumbai | G13: 45353 | J13: 103 | K13: Amit Yadav | L13: Cold Drink | M13: 8 | N13: 45 | O13: Bangalore | P13: 45324
J14: 104 | K14: Riya Jain | L14: Bread | M14: 2 | N14: 25 | O14: Delhi | P14: 45324
J15: 105 | K15: Satish Kumar | L15: Chips | M15: 10 | N15: 20 | O15: Chennai | P15: 45353
J16: 106 | K16: Anita Devi | L16: Biscuits | M16: 7 | N16: 30 | O16: Mumbai | P16: 45353
J17: 107 | K17: Rohit Singh | L17: Cold Drink | M17: 3 | N17: 45 | O17: Chennai | P17: 45384
J18: 108 | K18: Neha Gupta | L18: Bread | M18: 6 | N18: 25 | O18: Delhi | P18: 45384
D20: 2nd method
J21: {=_xlfn._xlws.SORT(J11:P18,4,-1)} -> 105 | K21: Satish Kumar | L21: Chips | M21: 10 | N21: 20 | O21: Chennai | P21: 45353
J22: 103 | K22: Amit Yadav | L22: Cold Drink | M22: 8 | N22: 45 | O22: Bangalore | P22: 45324
J23: 106 | K23: Anita Devi | L23: Biscuits | M23: 7 | N23: 30 | O23: Mumbai | P23: 45353
J24: 108 | K24: Neha Gupta | L24: Bread | M24: 6 | N24: 25 | O24: Delhi | P24: 45384
J25: 101 | K25: Ravi Sharma | L25: Chips | M25: 5 | N25: 20 | O25: Delhi | P25: 45293
J26: 102 | K26: Suman Das | L26: Biscuits | M26: 3 | N26: 30 | O26: Mumbai | P26: 45293
J27: 107 | K27: Rohit Singh | L27: Cold Drink | M27: 3 | N27: 45 | O27: Chennai | P27: 45384
J28: 104 | K28: Riya Jain | L28: Bread | M28: 2 | N28: 25 | O28: Delhi | P28: 45324

Sheet Task 5 Solution
F2: Task 5 — Which Product Sold Most (Quantity)?
B4: 1st method
B7: Solution
B10: {=_xlfn.UNIQUE('Task 4 Solution'!L11:L18)} -> Chips | C10: =SUMIFS('Task 4 Solution'!M11:M18,'Task 4 Solution'!L11:L18,'Task 5 Solution'!B10) -> 15
B11: Biscuits | C11: =SUMIFS('Task 4 Solution'!M12:M19,'Task 4 Solution'!L12:L19,'Task 5 Solution'!B11) -> 10
B12: Cold Drink | C12: =SUMIFS('Task 4 Solution'!M13:M20,'Task 4 Solution'!L13:L20,'Task 5 Solution'!B12) -> 11
B13: Bread | C13: =SUMIFS('Task 4 Solution'!M14:M21,'Task 4 Solution'!L14:L21,'Task 5 Solution'!B13) -> 8

Sheet Task 6 Solution
F1: Task 6 — Extract First Name Only
B3: 1st method
B6: Solution
A8: OrderID | B8: Customer Name | C8: Product | D8: Quantity | E8: Price | F8: City | G8: SalesDate | L8: First Name
A9: 101 | B9: Ravi Sharma | C9: Chips | D9: 5 | E9: 20 | F9: Delhi | G9: 45293 | L9: =LEFT(B9,SEARCH(" ",B9)-1) -> Ravi
A10: 102 | B10: Suman Das | C10: Biscuits | D10: 3 | E10: 30 | F10: Mumbai | G10: 45293 | L10: =LEFT(B10,SEARCH(" ",B10)-1) -> Suman
A11: 103 | B11: Amit Yadav | C11: Cold Drink | D11: 8 | E11: 45 | F11: Bangalore | G11: 45324 | L11: =LEFT(B11,SEARCH(" ",B11)-1) -> Amit
A12: 104 | B12: Riya Jain | C12: Bread | D12: 2 | E12: 25 | F12: Delhi | G12: 45324 | L12: =LEFT(B12,SEARCH(" ",B12)-1) -> Riya
A13: 105 | B13: Satish Kumar | C13: Chips | D13: 10 | E13: 20 | F13: Chennai | G13: 45353 | L13: =LEFT(B13,SEARCH(" ",B13)-1) -> Satish
A14: 106 | B14: Anita Devi | C14: Biscuits | D14: 7 | E14: 30 | F14: Mumbai | G14: 45353 | L14: =LEFT(B14,SEARCH(" ",B14)-1) -> Anita
A15: 107 | B15: Rohit Singh | C15: Cold Drink | D15: 3 | E15: 45 | F15: Chennai | G15: 45384 | L15: =LEFT(B15,SEARCH(" ",B15)-1) -> Rohit
A16: 108 | B16: Neha Gupta | C16: Bread | D16: 6 | E16: 25 | F16: Delhi | G16: 45384 | L16: =LEFT(B16,SEARCH(" ",B16)-1) -> Neha

Sheet Task 7 Solution
F2: Task 7 — Count Orders from Mumbai
B4: 1st method
B7: Solution
A9: OrderID | B9: Customer Name | C9: Product | D9: Quantity | E9: Price | F9: City | G9: SalesDate
A10: 101 | B10: Ravi Sharma | C10: Chips | D10: 5 | E10: 20 | F10: Delhi | G10: 45293
A11: 102 | B11: Suman Das | C11: Biscuits | D11: 3 | E11: 30 | F11: Mumbai | G11: 45293
A12: 103 | B12: Amit Yadav | C12: Cold Drink | D12: 8 | E12: 45 | F12: Bangalore | G12: 45324 | K12: =COUNTIF(F10:F17,F11) -> 2
A13: 104 | B13: Riya Jain | C13: Bread | D13: 2 | E13: 25 | F13: Delhi | G13: 45324
A14: 105 | B14: Satish Kumar | C14: Chips | D14: 10 | E14: 20 | F14: Chennai | G14: 45353
A15: 106 | B15: Anita Devi | C15: Biscuits | D15: 7 | E15: 30 | F15: Mumbai | G15: 45353
A16: 107 | B16: Rohit Singh | C16: Cold Drink | D16: 3 | E16: 45 | F16: Chennai | G16: 45384
A17: 108 | B17: Neha Gupta | C17: Bread | D17: 6 | E17: 25 | F17: Delhi | G17: 45384

Sheet Task 8 Solution
D1: Task 8 — Sales on “2/3/2024”
B5: 1st method
B8: Solution
A10: OrderID | B10: Customer Name | C10: Product | D10: Quantity | E10: Price | F10: City | G10: SalesDate | K10: OrderID | L10: Customer Name | M10: Product | N10: Quantity | O10: Price | P10: City | Q10: SalesDate | R10: Total Sales
A11: 101 | B11: Ravi Sharma | C11: Chips | D11: 5 | E11: 20 | F11: Delhi | G11: 45293 | K11: 101 | L11: Ravi Sharma | M11: Chips | N11: 5 | O11: 20 | P11: Delhi | Q11: 45293 | R11: {=N11:N18*O11:O18} -> 100
A12: 102 | B12: Suman Das | C12: Biscuits | D12: 3 | E12: 30 | F12: Mumbai | G12: 45293 | K12: 102 | L12: Suman Das | M12: Biscuits | N12: 3 | O12: 30 | P12: Mumbai | Q12: 45293 | R12: 90 | T12: =SUMIFS(_xlfn.ANCHORARRAY(R11),Q11:Q18,Q15) -> 410
A13: 103 | B13: Amit Yadav | C13: Cold Drink | D13: 8 | E13: 45 | F13: Bangalore | G13: 45324 | K13: 103 | L13: Amit Yadav | M13: Cold Drink | N13: 8 | O13: 45 | P13: Bangalore | Q13: 45324 | R13: 360
A14: 104 | B14: Riya Jain | C14: Bread | D14: 2 | E14: 25 | F14: Delhi | G14: 45324 | K14: 104 | L14: Riya Jain | M14: Bread | N14: 2 | O14: 25 | P14: Delhi | Q14: 45324 | R14: 50
A15: 105 | B15: Satish Kumar | C15: Chips | D15: 10 | E15: 20 | F15: Chennai | G15: 45353 | K15: 105 | L15: Satish Kumar | M15: Chips | N15: 10 | O15: 20 | P15: Chennai | Q15: 45353 | R15: 200
A16: 106 | B16: Anita Devi | C16: Biscuits | D16: 7 | E16: 30 | F16: Mumbai | G16: 45353 | K16: 106 | L16: Anita Devi | M16: Biscuits | N16: 7 | O16: 30 | P16: Mumbai | Q16: 45353 | R16: 210
A17: 107 | B17: Rohit Singh | C17: Cold Drink | D17: 3 | E17: 45 | F17: Chennai | G17: 45384 | K17: 107 | L17: Rohit Singh | M17: Cold Drink | N17: 3 | O17: 45 | P17: Chennai | Q17: 45384 | R17: 135
A18: 108 | B18: Neha Gupta | C18: Bread | D18: 6 | E18: 25 | F18: Delhi | G18: 45384 | K18: 108 | L18: Neha Gupta | M18: Bread | N18: 6 | O18: 25 | P18: Delhi | Q18: 45384 | R18: 150

Sheet Task 9 Solution
F1: Task 9 — Find Product Price Using XLOOKUP
B3: 1st method
B6: Solution
B9: OrderID | C9: Customer Name | D9: Product | E9: Quantity | F9: Price | G9: City | H9: SalesDate
B10: 101 | C10: Ravi Sharma | D10: Chips | E10: 5 | F10: 20 | G10: Delhi | H10: 45293
B11: 102 | C11: Suman Das | D11: Biscuits | E11: 3 | F11: 30 | G11: Mumbai | H11: 45293 | M11: Product Name | N11: Price
B12: 103 | C12: Amit Yadav | D12: Cold Drink | E12: 8 | F12: 45 | G12: Bangalore | H12: 45324 | M12: Biscuits | N12: =_xlfn.XLOOKUP(M12,$D$10:$D$17,E10:E17) -> 3
B13: 104 | C13: Riya Jain | D13: Bread | E13: 2 | F13: 25 | G13: Delhi | H13: 45324
B14: 105 | C14: Satish Kumar | D14: Chips | E14: 10 | F14: 20 | G14: Chennai | H14: 45353
B15: 106 | C15: Anita Devi | D15: Biscuits | E15: 7 | F15: 30 | G15: Mumbai | H15: 45353
B16: 107 | C16: Rohit Singh | D16: Cold Drink | E16: 3 | F16: 45 | G16: Chennai | H16: 45384
B17: 108 | C17: Neha Gupta | D17: Bread | E17: 6 | F17: 25 | G17: Delhi | H17: 45384

Sheet Task 10 Solution
F1: Task 10 — Highlight Orders Where Quantity > 7
B2: 1st method
B5: Solution
B9: OrderID | C9: Customer Name | D9: Product | E9: Quantity | F9: Price | G9: City | H9: SalesDate | L9: OrderID | M9: Customer Name | N9: Product | O9: Quantity | P9: Price | Q9: City | R9: SalesDate
B10: 101 | C10: Ravi Sharma | D10: Chips | E10: 5 | F10: 20 | G10: Delhi | H10: 45293 | L10: 101 | M10: Ravi Sharma | N10: Chips | O10: 5 | P10: 20 | Q10: Delhi | R10: 45293
B11: 102 | C11: Suman Das | D11: Biscuits | E11: 3 | F11: 30 | G11: Mumbai | H11: 45293 | L11: 102 | M11: Suman Das | N11: Biscuits | O11: 3 | P11: 30 | Q11: Mumbai | R11: 45293
B12: 103 | C12: Amit Yadav | D12: Cold Drink | E12: 8 | F12: 45 | G12: Bangalore | H12: 45324 | L12: 103 | M12: Amit Yadav | N12: Cold Drink | O12: 8 | P12: 45 | Q12: Bangalore | R12: 45324
B13: 104 | C13: Riya Jain | D13: Bread | E13: 2 | F13: 25 | G13: Delhi | H13: 45324 | L13: 104 | M13: Riya Jain | N13: Bread | O13: 2 | P13: 25 | Q13: Delhi | R13: 45324
B14: 105 | C14: Satish Kumar | D14: Chips | E14: 10 | F14: 20 | G14: Chennai | H14: 45353 | L14: 105 | M14: Satish Kumar | N14: Chips | O14: 10 | P14: 20 | Q14: Chennai | R14: 45353
B15: 106 | C15: Anita Devi | D15: Biscuits | E15: 7 | F15: 30 | G15: Mumbai | H15: 45353 | L15: 106 | M15: Anita Devi | N15: Biscuits | O15: 7 | P15: 30 | Q15: Mumbai | R15: 45353
B16: 107 | C16: Rohit Singh | D16: Cold Drink | E16: 3 | F16: 45 | G16: Chennai | H16: 45384 | L16: 107 | M16: Rohit Singh | N16: Cold Drink | O16: 3 | P16: 45 | Q16: Chennai | R16: 45384
B17: 108 | C17: Neha Gupta | D17: Bread | E17: 6 | F17: 25 | G17: Delhi | H17: 45384 | L17: 108 | M17: Neha Gupta | N17: Bread | O17: 6 | P17: 25 | Q17: Delhi | R17: 45384
